id,name,email,phone,address,createdAt
cust1,Customer 1,customer1@mail.com,8215273428,City 1,2024-04-22T15:26:06.243Z
cust2,Customer 2,customer2@mail.com,8507728164,City 2,2025-02-19T17:42:53.510Z
cust3,Customer 3,customer3@mail.com,8652486025,City 3,2025-03-19T00:14:47.867Z
cust4,Customer 4,customer4@mail.com,8660554387,City 4,2024-07-30T17:10:43.762Z
cust5,Customer 5,customer5@mail.com,8655081805,City 5,2024-11-22T03:07:59.927Z
cust6,Customer 6,customer6@mail.com,8410649017,City 6,2025-10-23T18:24:12.879Z
cust7,Customer 7,customer7@mail.com,8441975625,City 7,2025-11-23T13:39:44.146Z
cust8,Customer 8,customer8@mail.com,8533664132,City 8,2025-12-20T23:01:55.563Z
cust9,Customer 9,customer9@mail.com,8579662545,City 9,2024-09-02T21:26:32.649Z
cust10,Customer 10,customer10@mail.com,8429630744,City 10,2024-04-01T11:47:10.419Z
cust11,Customer 11,customer11@mail.com,8975508478,City 11,2025-01-28T23:06:03.755Z
cust12,Customer 12,customer12@mail.com,8710181958,City 12,2024-06-26T08:56:14.782Z
cust13,Customer 13,customer13@mail.com,8916389396,City 13,2025-03-17T10:00:13.325Z
cust14,Customer 14,customer14@mail.com,8243708894,City 14,2025-09-29T01:44:31.062Z
cust15,Customer 15,customer15@mail.com,8645310774,City 15,2025-05-25T09:34:34.029Z
cust16,Customer 16,customer16@mail.com,8397834586,City 16,2024-07-04T16:59:38.100Z
cust17,Customer 17,customer17@mail.com,8971253947,City 17,2025-12-03T13:29:22.319Z
cust18,Customer 18,customer18@mail.com,8226209372,City 18,2025-07-26T15:13:41.964Z
cust19,Customer 19,customer19@mail.com,8988732982,City 19,2025-07-12T15:17:06.850Z
cust20,Customer 20,customer20@mail.com,8342475881,City 20,2024-05-27T21:45:26.397Z
cust21,Customer 21,customer21@mail.com,8670062060,City 21,2024-06-20T08:46:47.747Z
cust22,Customer 22,customer22@mail.com,8180338018,City 22,2025-10-08T02:36:03.317Z
cust23,Customer 23,customer23@mail.com,8240551088,City 23,2024-11-18T22:55:46.228Z
cust24,Customer 24,customer24@mail.com,8852111485,City 24,2024-09-15T08:35:53.707Z
cust25,Customer 25,customer25@mail.com,8879055972,City 25,2024-06-22T15:25:57.963Z
cust26,Customer 26,customer26@mail.com,8656994210,City 26,2025-12-05T08:09:45.967Z
cust27,Customer 27,customer27@mail.com,8827251777,City 27,2024-06-07T16:42:18.823Z
cust28,Customer 28,customer28@mail.com,8557919814,City 28,2024-05-25T14:36:40.598Z
cust29,Customer 29,customer29@mail.com,8448997706,City 29,2024-05-03T14:56:46.525Z
cust30,Customer 30,customer30@mail.com,8325201204,City 30,2025-03-22T19:36:48.932Z
cust31,Customer 31,customer31@mail.com,8479316744,City 31,2025-10-11T13:04:30.628Z
cust32,Customer 32,customer32@mail.com,8929691510,City 32,2025-12-08T02:53:07.805Z
cust33,Customer 33,customer33@mail.com,8555407071,City 33,2024-10-23T00:56:53.711Z
cust34,Customer 34,customer34@mail.com,8533583204,City 34,2025-02-24T08:52:32.824Z
cust35,Customer 35,customer35@mail.com,8143368748,City 35,2025-06-27T13:04:34.541Z
cust36,Customer 36,customer36@mail.com,8159556239,City 36,2025-01-16T06:42:18.295Z
cust37,Customer 37,customer37@mail.com,8589839109,City 37,2025-03-27T07:26:02.123Z
cust38,Customer 38,customer38@mail.com,8964820158,City 38,2024-12-01T00:34:49.826Z
cust39,Customer 39,customer39@mail.com,8533675548,City 39,2026-01-22T02:11:57.041Z
cust40,Customer 40,customer40@mail.com,8304711840,City 40,2024-11-16T23:10:02.561Z
cust41,Customer 41,customer41@mail.com,8221023545,City 41,2025-11-22T22:13:52.679Z
cust42,Customer 42,customer42@mail.com,8998920206,City 42,2026-02-17T23:28:48.099Z
cust43,Customer 43,customer43@mail.com,8378416210,City 43,2025-07-04T03:36:54.572Z
cust44,Customer 44,customer44@mail.com,8497840861,City 44,2024-05-02T18:04:47.714Z
cust45,Customer 45,customer45@mail.com,8128310347,City 45,2024-03-22T16:15:36.495Z
cust46,Customer 46,customer46@mail.com,8201453472,City 46,2025-11-16T19:24:41.436Z
cust47,Customer 47,customer47@mail.com,8990819192,City 47,2025-05-28T08:00:27.629Z
cust48,Customer 48,customer48@mail.com,8839622581,City 48,2025-05-06T22:35:19.476Z
cust49,Customer 49,customer49@mail.com,8230441156,City 49,2024-06-28T10:33:07.091Z
cust50,Customer 50,customer50@mail.com,8317504627,City 50,2026-01-17T22:45:52.960Z
cust51,Customer 51,customer51@mail.com,8335692622,City 51,2026-01-04T19:52:54.248Z
cust52,Customer 52,customer52@mail.com,8327786562,City 52,2025-10-31T21:12:14.904Z
cust53,Customer 53,customer53@mail.com,8513039020,City 53,2024-03-24T09:23:40.014Z
cust54,Customer 54,customer54@mail.com,8112467918,City 54,2025-01-20T22:14:26.655Z
cust55,Customer 55,customer55@mail.com,8479111721,City 55,2024-12-21T01:27:39.518Z
cust56,Customer 56,customer56@mail.com,8109765856,City 56,2025-10-12T01:59:49.682Z
cust57,Customer 57,customer57@mail.com,8323072706,City 57,2024-12-06T20:24:48.330Z
cust58,Customer 58,customer58@mail.com,8464199904,City 58,2024-10-04T23:17:17.636Z
cust59,Customer 59,customer59@mail.com,8389987223,City 59,2024-09-07T05:24:59.641Z
cust60,Customer 60,customer60@mail.com,8646932392,City 60,2025-06-04T18:16:26.875Z
cust61,Customer 61,customer61@mail.com,8835846395,City 61,2025-10-08T03:20:37.061Z
cust62,Customer 62,customer62@mail.com,8398321575,City 62,2024-03-31T06:35:48.729Z
cust63,Customer 63,customer63@mail.com,8738205344,City 63,2025-11-19T13:26:29.390Z
cust64,Customer 64,customer64@mail.com,8170625578,City 64,2025-09-25T19:11:27.103Z
cust65,Customer 65,customer65@mail.com,8713668170,City 65,2024-09-13T05:22:52.709Z
cust66,Customer 66,customer66@mail.com,8211069627,City 66,2024-11-23T20:28:26.734Z
cust67,Customer 67,customer67@mail.com,8947673167,City 67,2025-06-09T09:55:45.938Z
cust68,Customer 68,customer68@mail.com,8128360868,City 68,2025-09-06T15:33:07.347Z
cust69,Customer 69,customer69@mail.com,8650118756,City 69,2024-09-14T20:21:04.433Z
cust70,Customer 70,customer70@mail.com,8390271974,City 70,2026-01-11T00:24:36.434Z
cust71,Customer 71,customer71@mail.com,8710697313,City 71,2025-05-29T19:21:33.347Z
cust72,Customer 72,customer72@mail.com,8537246587,City 72,2024-03-21T00:18:29.370Z
cust73,Customer 73,customer73@mail.com,8342939217,City 73,2024-05-21T14:11:17.155Z
cust74,Customer 74,customer74@mail.com,8699386917,City 74,2025-11-29T06:58:54.326Z
cust75,Customer 75,customer75@mail.com,8672834305,City 75,2024-05-28T03:24:21.230Z
cust76,Customer 76,customer76@mail.com,8986694937,City 76,2025-11-02T18:12:48.588Z
cust77,Customer 77,customer77@mail.com,8816788548,City 77,2026-03-01T01:50:42.101Z
cust78,Customer 78,customer78@mail.com,8134057146,City 78,2024-03-29T14:51:51.703Z
cust79,Customer 79,customer79@mail.com,8961168060,City 79,2025-05-24T14:28:09.396Z
cust80,Customer 80,customer80@mail.com,8749976595,City 80,2024-10-25T13:16:27.936Z
cust81,Customer 81,customer81@mail.com,8943947778,City 81,2025-08-02T17:18:40.060Z
cust82,Customer 82,customer82@mail.com,8667288086,City 82,2025-12-06T02:31:27.043Z
cust83,Customer 83,customer83@mail.com,8195347398,City 83,2025-09-06T20:28:44.694Z
cust84,Customer 84,customer84@mail.com,8119873350,City 84,2026-02-08T03:46:05.321Z
cust85,Customer 85,customer85@mail.com,8646190792,City 85,2025-05-26T02:38:19.329Z
cust86,Customer 86,customer86@mail.com,8651052429,City 86,2025-08-07T11:08:11.665Z
cust87,Customer 87,customer87@mail.com,8532301794,City 87,2025-05-17T03:06:51.254Z
cust88,Customer 88,customer88@mail.com,8839532470,City 88,2024-07-31T02:03:59.885Z
cust89,Customer 89,customer89@mail.com,8817867624,City 89,2024-09-23T22:45:20.097Z
cust90,Customer 90,customer90@mail.com,8149507381,City 90,2024-06-08T01:12:30.847Z
cust91,Customer 91,customer91@mail.com,8124423841,City 91,2024-09-22T12:19:25.105Z
cust92,Customer 92,customer92@mail.com,8729176503,City 92,2025-10-17T05:08:00.150Z
cust93,Customer 93,customer93@mail.com,8209103670,City 93,2024-06-12T19:04:41.921Z
cust94,Customer 94,customer94@mail.com,8726232757,City 94,2024-12-16T10:00:27.213Z
cust95,Customer 95,customer95@mail.com,8274801964,City 95,2025-08-13T06:26:29.715Z
cust96,Customer 96,customer96@mail.com,8718493901,City 96,2025-04-13T12:52:53.891Z
cust97,Customer 97,customer97@mail.com,8592720208,City 97,2024-10-25T05:37:13.115Z
cust98,Customer 98,customer98@mail.com,8817776063,City 98,2024-07-04T20:25:51.332Z
cust99,Customer 99,customer99@mail.com,8384879475,City 99,2025-02-05T08:32:29.786Z
cust100,Customer 100,customer100@mail.com,8949227411,City 100,2025-06-02T07:24:44.722Z
cust101,Customer 101,customer101@mail.com,8100576222,City 101,2024-09-10T20:39:02.931Z
cust102,Customer 102,customer102@mail.com,8583664165,City 102,2024-05-22T15:14:59.981Z
cust103,Customer 103,customer103@mail.com,8331348340,City 103,2025-07-07T16:17:40.472Z
cust104,Customer 104,customer104@mail.com,8146936335,City 104,2025-01-01T16:44:05.825Z
cust105,Customer 105,customer105@mail.com,8282729923,City 105,2025-02-11T14:22:20.918Z
cust106,Customer 106,customer106@mail.com,8528216042,City 106,2025-04-03T09:39:05.705Z
cust107,Customer 107,customer107@mail.com,8896553437,City 107,2024-03-17T14:01:25.087Z
cust108,Customer 108,customer108@mail.com,8258131222,City 108,2026-01-24T16:22:11.086Z
cust109,Customer 109,customer109@mail.com,8132662639,City 109,2026-02-27T15:43:06.031Z
cust110,Customer 110,customer110@mail.com,8969652625,City 110,2025-01-11T19:28:17.129Z
cust111,Customer 111,customer111@mail.com,8509070012,City 111,2026-02-27T17:40:04.101Z
cust112,Customer 112,customer112@mail.com,8667802812,City 112,2024-03-28T07:44:31.720Z
cust113,Customer 113,customer113@mail.com,8861842071,City 113,2025-03-01T03:11:05.015Z
cust114,Customer 114,customer114@mail.com,8864288408,City 114,2024-08-09T07:02:41.212Z
cust115,Customer 115,customer115@mail.com,8209219875,City 115,2025-02-20T08:27:11.713Z
cust116,Customer 116,customer116@mail.com,8896821370,City 116,2025-04-12T10:22:55.023Z
cust117,Customer 117,customer117@mail.com,8738440127,City 117,2024-07-23T20:39:02.002Z
cust118,Customer 118,customer118@mail.com,8749822583,City 118,2026-02-08T18:25:51.126Z
cust119,Customer 119,customer119@mail.com,8378428379,City 119,2024-09-28T09:58:41.066Z
cust120,Customer 120,customer120@mail.com,8454336397,City 120,2025-10-28T00:33:16.493Z
cust121,Customer 121,customer121@mail.com,8858249345,City 121,2024-06-09T04:25:55.759Z
cust122,Customer 122,customer122@mail.com,8622316828,City 122,2025-06-03T22:13:17.013Z
cust123,Customer 123,customer123@mail.com,8513392159,City 123,2025-04-02T03:22:00.005Z
cust124,Customer 124,customer124@mail.com,8214346723,City 124,2024-11-21T02:26:29.218Z
cust125,Customer 125,customer125@mail.com,8516594966,City 125,2025-02-15T00:07:36.059Z
cust126,Customer 126,customer126@mail.com,8864246514,City 126,2024-05-08T18:47:34.675Z
cust127,Customer 127,customer127@mail.com,8155130468,City 127,2025-08-18T20:17:57.050Z
cust128,Customer 128,customer128@mail.com,8856725768,City 128,2024-10-17T18:19:14.012Z
cust129,Customer 129,customer129@mail.com,8663134384,City 129,2024-08-27T14:53:18.409Z
cust130,Customer 130,customer130@mail.com,8221444390,City 130,2025-08-22T07:48:15.061Z
cust131,Customer 131,customer131@mail.com,8581447296,City 131,2025-10-13T08:28:20.724Z
cust132,Customer 132,customer132@mail.com,8137392511,City 132,2024-10-27T15:17:50.793Z
cust133,Customer 133,customer133@mail.com,8265401429,City 133,2024-11-28T04:25:03.024Z
cust134,Customer 134,customer134@mail.com,8843123627,City 134,2024-11-26T01:59:18.068Z
cust135,Customer 135,customer135@mail.com,8757631967,City 135,2024-05-07T20:41:34.538Z
cust136,Customer 136,customer136@mail.com,8127388680,City 136,2024-03-29T20:46:03.276Z
cust137,Customer 137,customer137@mail.com,8121339595,City 137,2024-03-17T15:26:51.295Z
cust138,Customer 138,customer138@mail.com,8336394166,City 138,2024-05-28T02:04:40.891Z
cust139,Customer 139,customer139@mail.com,8413660639,City 139,2024-08-12T10:04:08.155Z
cust140,Customer 140,customer140@mail.com,8240532045,City 140,2025-09-04T23:19:11.251Z
cust141,Customer 141,customer141@mail.com,8689257589,City 141,2025-10-31T05:47:30.125Z
cust142,Customer 142,customer142@mail.com,8755255242,City 142,2026-01-01T02:23:31.147Z
cust143,Customer 143,customer143@mail.com,8212177617,City 143,2024-03-20T16:13:43.596Z
cust144,Customer 144,customer144@mail.com,8974710000,City 144,2025-11-23T08:18:37.446Z
cust145,Customer 145,customer145@mail.com,8641466936,City 145,2024-08-17T12:20:15.922Z
cust146,Customer 146,customer146@mail.com,8945426575,City 146,2024-03-10T02:20:50.831Z
cust147,Customer 147,customer147@mail.com,8328623798,City 147,2024-05-05T10:37:45.039Z
cust148,Customer 148,customer148@mail.com,8820395248,City 148,2024-11-05T20:17:15.716Z
cust149,Customer 149,customer149@mail.com,8994264999,City 149,2025-10-04T23:35:51.713Z
cust150,Customer 150,customer150@mail.com,8748722778,City 150,2025-03-18T13:06:07.935Z